{"cameraMode":{"drawMode":0,"name":"Shaded","section":"Shading Mode"},"sceneLighting":false,"audioPlay":false,"sceneViewState":{"m_AlwaysRefresh":false,"showFog":false,"showSkybox":false,"showFlares":false,"showImageEffects":false,"showParticleSystems":false,"showVisualEffectGraphs":true,"m_FxEnabled":true},"in2DMode":false,"pivot":{"x":-0.034052252769470218,"y":1.3998240232467652,"z":-0.09961329400539398},"rotation":{"x":-0.0001917464251164347,"y":0.9974949955940247,"z":-0.07075043022632599,"w":-0.002692245878279209},"size":0.4546440541744232,"orthographic":false}