{"cameraMode":{"drawMode":0,"name":"Shaded","section":"Shading Mode"},"sceneLighting":true,"audioPlay":false,"sceneViewState":{"m_AlwaysRefresh":false,"showFog":true,"showSkybox":true,"showFlares":true,"showImageEffects":true,"showParticleSystems":true,"showVisualEffectGraphs":true,"m_FxEnabled":true},"in2DMode":false,"pivot":{"x":15.857588768005371,"y":299.6742858886719,"z":217.47825622558595},"rotation":{"x":-0.06158262491226196,"y":-0.07449633628129959,"z":0.005100504029542208,"w":-0.9956126809120178},"size":512.114990234375,"orthographic":false}