{"cameraMode":{"drawMode":0,"name":"Shaded","section":"Shading Mode"},"sceneLighting":true,"audioPlay":false,"sceneViewState":{"m_AlwaysRefresh":false,"showFog":true,"showSkybox":true,"showFlares":true,"showImageEffects":true,"showParticleSystems":true,"showVisualEffectGraphs":true,"m_FxEnabled":true},"in2DMode":false,"pivot":{"x":-143.75550842285157,"y":2.4652113914489748,"z":113.00154113769531},"rotation":{"x":0.03885025903582573,"y":-0.0991281121969223,"z":-0.0033406796865165235,"w":-0.9946191310882568},"size":11.251836776733399,"orthographic":false}