{"cameraMode":{"drawMode":0,"name":"Shaded","section":"Shading Mode"},"sceneLighting":false,"audioPlay":false,"sceneViewState":{"m_AlwaysRefresh":false,"showFog":true,"showSkybox":false,"showFlares":true,"showImageEffects":true,"showParticleSystems":true,"showVisualEffectGraphs":true,"m_FxEnabled":true},"in2DMode":false,"pivot":{"x":969.6473999023438,"y":553.22607421875,"z":14.921567916870118},"rotation":{"x":0.03180929273366928,"y":0.010486823506653309,"z":-0.0005668022786267102,"w":0.9996761679649353},"size":162.50636291503907,"orthographic":false}