{"cameraMode":{"drawMode":0,"name":"Shaded","section":"Shading Mode"},"sceneLighting":false,"audioPlay":false,"sceneViewState":{"m_AlwaysRefresh":false,"showFog":true,"showSkybox":false,"showFlares":true,"showImageEffects":true,"showParticleSystems":true,"showVisualEffectGraphs":true,"m_FxEnabled":true},"in2DMode":false,"pivot":{"x":900.9153442382813,"y":281.5384216308594,"z":-0.9500519633293152},"rotation":{"x":0.03180929273366928,"y":0.010486823506653309,"z":-0.0005668022786267102,"w":0.9996761679649353},"size":1132.7220458984375,"orthographic":false}