{"cameraMode":{"drawMode":0,"name":"Shaded","section":"Shading Mode"},"sceneLighting":false,"audioPlay":false,"sceneViewState":{"m_AlwaysRefresh":false,"showFog":true,"showSkybox":false,"showFlares":true,"showImageEffects":true,"showParticleSystems":true,"showVisualEffectGraphs":true,"m_FxEnabled":true},"in2DMode":false,"pivot":{"x":18.73377227783203,"y":-89.06986236572266,"z":-12.588702201843262},"rotation":{"x":0.07434945553541184,"y":-0.020663322880864145,"z":0.001357057597488165,"w":0.9972720742225647},"size":176.2312774658203,"orthographic":false}